{
  "Total" : {
    "transaction" : "Total",
    "sampleCount" : 8419,
    "errorCount" : 0,
    "errorPct" : 0.0,
    "meanResTime" : 205.78976125430586,
    "medianResTime" : 92.0,
    "minResTime" : 39.0,
    "maxResTime" : 3911.0,
    "pct1ResTime" : 410.0,
    "pct2ResTime" : 563.0,
    "pct3ResTime" : 856.7999999999993,
    "throughput" : 140.16948870352797,
    "receivedKBytesPerSec" : 788.0544113576577,
    "sentKBytesPerSec" : 23.05586946206483
  },
  "GET Post List" : {
    "transaction" : "GET Post List",
    "sampleCount" : 1282,
    "errorCount" : 0,
    "errorPct" : 0.0,
    "meanResTime" : 464.1209048361936,
    "medianResTime" : 385.0,
    "minResTime" : 270.0,
    "maxResTime" : 2917.0,
    "pct1ResTime" : 679.7,
    "pct2ResTime" : 815.0,
    "pct3ResTime" : 1786.5500000000084,
    "throughput" : 21.344255198708023,
    "receivedKBytesPerSec" : 602.0700562586368,
    "sentKBytesPerSec" : 2.813939894360921
  },
  "POST Create Post" : {
    "transaction" : "POST Create Post",
    "sampleCount" : 1616,
    "errorCount" : 0,
    "errorPct" : 0.0,
    "meanResTime" : 340.3106435643567,
    "medianResTime" : 292.0,
    "minResTime" : 258.0,
    "maxResTime" : 3893.0,
    "pct1ResTime" : 531.0,
    "pct2ResTime" : 591.0,
    "pct3ResTime" : 814.6099999999951,
    "throughput" : 27.074118750837687,
    "receivedKBytesPerSec" : 41.769398135931844,
    "sentKBytesPerSec" : 7.910666716928025
  },
  "GET Post By Id" : {
    "transaction" : "GET Post By Id",
    "sampleCount" : 5521,
    "errorCount" : 0,
    "errorPct" : 0.0,
    "meanResTime" : 106.42981343959423,
    "medianResTime" : 69.0,
    "minResTime" : 39.0,
    "maxResTime" : 3911.0,
    "pct1ResTime" : 194.80000000000018,
    "pct2ResTime" : 366.0,
    "pct3ResTime" : 488.5599999999995,
    "throughput" : 92.74627066254536,
    "receivedKBytesPerSec" : 145.77419843393025,
    "sentKBytesPerSec" : 12.491922131181965
  }
}